{
  "coefficients": [
    0.8614079855782318,
    -0.5120002106288041,
    -0.004811517073836162,
    0.0017975213474542811,
    0.02143566699047804,
    0.014672130836650112,
    -0.007942170267935903,
    -3.6536220394025224e-06,
    -2.449173754443497e-05,
    -0.0001072310108661983,
    -0.0005162204622894853,
    -0.00012623182756095835,
    -0.03548309162011287,
    0.0026267305198610586,
    0.394023327748726,
    -0.7793561537871726,
    -0.541193104879032,
    -0.0007248703370028166,
    -0.9752028014785024,
    0.0001949947098751543,
    0.17664277708003343,
    0.000637584111118107,
    -0.8239110093824827,
    0.5703388959167144,
    0.0,
    0.9857382000216143
  ],
  "intercept": 1.7671751987160402
}